record_id,opis_truckstop_id,name,address,city,state,rack_id,price,longitude,latitude,geocoding_source
37,159,PILOT TRAVEL CENTER #87,"I-10, EXIT 343",Jacksonville,FL,75,3.859,,,unmatched
38,159,PILOT TRAVEL CENTERS #87,"I-10, EXIT 343",Jacksonville,FL,75,3.859,,,unmatched
57,235,PILOT TRAVEL CENTERS #92,"I-75, EXIT 358",Ocala,FL,225,3.359,,,unmatched
58,235,PILOT TRAVEL CENTER #92,"I-75, EXIT 358",Ocala,FL,225,3.41233333,,,unmatched
62,248,Mardi Gras Truck Stop,"I-10, EXIT 236",New Orleans,LA,725,3.729,,,unmatched
89,361,CIRCLE K #2726293,"I-295, EXIT 25",Jacksonville,FL,75,3.31566666,,,unmatched
99,421,PETRO STOPPING CENTER #316,"I-40 & I-35, EXIT 127",Oklahoma City,OK,483,3.30233333,,,unmatched
112,486,LA NORIA CONV STORES,"I-35 N, EXIT 4",Laredo,TX,693,3.299,,,unmatched
149,689,FLYING EAGLE,"I-235, EXIT 4",Wichita,KS,570,3.499,,,unmatched
164,970,CIRCLE K #2702885,"I-17/SR-60, EXIT 199A",Phoenix,AZ,930,3.39233333,,,unmatched
255,1507,CIRCLE K #4703941,"I-55, EXIT 5A",Memphis,TN,435,3.189,,,unmatched
256,1516,LOVES TRAVEL STOP #261,I-27 EXIT 116,Amarillo,TX,585,3.23233333,,,unmatched
268,1582,LOVES TRAVEL STOP #250,I-40 EXIT 60,Amarillo,TX,585,3.314,,,unmatched
279,1621,CIRCLE K #2709337,"I-65, EXIT 262B",Birmingham,AL,615,3.489,,,unmatched
283,1632,PILOT TRAVEL CENTERS #266,"I-10, EXIT 139 & SR-292",Las Cruces,NM,640,3.19066666,,,unmatched
289,1653,ROAD RANGER #187,"I-55, EXIT 289",Chicago,IL,520,3.569,,,unmatched
290,1653,ROAD RANGER #187,"I-55, EXIT 289",Chicago,IL,520,3.599,,,unmatched
297,1672,HANA TRAVEL PLAZA,"I-40, EXIT 77",Amarillo,TX,585,2.899,,,unmatched
309,1829,PILOT TRAVEL CENTERS #96,"SR- 60 & FL TURNPIKE, EXIT 193",Okeechobee,FL,143,3.719,,,unmatched
310,1829,PILOT TRAVEL CENTER #96,"SR- 60 & FL TURNPIKE, EXIT 193",Okeechobee,FL,143,3.699,,,unmatched
315,1858,FLYING J TRAVEL PLAZA #737,"I-10, EXIT 583",San Antonio,TX,740,3.224,,,unmatched
318,1861,PETRO STOPPING CENTER #315,"I-40, EXIT 66",Kingman,AZ,910,3.899,,,unmatched
345,1954,Joe's Kwik Mart #8409,US-58 & CR-645,Suffolk,VA,130,3.03233333,,,unmatched
367,2074,STRIPES #40522,"I-10, EXIT 550",San Antonio,TX,740,3.059,,,unmatched
375,2125,BIG D #44,"I-80, EXIT 311 & SR-130",Laramie,WY,795,3.249,,,unmatched
390,2231,QUIKTRIP #605,"I-270, EXIT 33",Saint Louis,MO,540,2.899,,,unmatched
427,2875,CIRCLE K #2744138,"I-25, EXIT 101 & US-50/SR-47",Pueblo,CO,803,3.399,,,unmatched
440,2922,LOVES TRAVEL STOP #210,"I-40, EXIT 158",Albuquerque,NM,580,3.52066666,,,unmatched
446,2935,CIRCLE K #2726163,"I-295, EXIT 22",Jacksonville,FL,75,3.299,,,unmatched
448,2956,PILOT TRAVEL CENTERS #275,"I-85, EXIT 39 I-77, EXIT 13",Charlotte,NC,46,3.55233333,,,unmatched
468,3163,QUIKTRIP #71,"I-44, EXIT 238",Tulsa,OK,560,3.039,,,unmatched
469,3164,QUIKTRIP #102,"I-44, EXIT 222A",Tulsa,OK,560,3.039,,,unmatched
497,3383,E-Express at Central Truck Stop,"I-35, EXIT 137",Oklahoma City,OK,483,2.879,,,unmatched
509,3444,Acme Truck Stop,US-441/SR-500,Orlando,FL,140,3.449,,,unmatched
511,3464,BOISE PETROLEUM LLC,"I-84, EXIT 71",Boise,ID,785,3.379,,,unmatched
541,3692,CHARLOTTE TRAVEL PLAZA,"I-77, EXIT 16B",Charlotte,NC,46,3.53233333,,,unmatched
556,3783,CIRCLE K #2744095,"I-25, EXIT 215",Denver,CO,800,3.299,,,unmatched
558,3817,FAST MARKET,"I-25, EXIT 158",Colorado Springs,CO,803,3.159,,,unmatched
565,3908,SEMINOLE TRUCK STOP,"I-75, EXIT 354",Fort Lauderdale,FL,95,3.699,,,unmatched
585,4080,SHELL DBA PILOT DEALER #874,US-41,Miami,FL,176,3.699,,,unmatched
586,4080,PILOT TRAVEL CENTERS #874,US-41,Miami,FL,176,3.699,,,unmatched
589,4115,QUIKTRIP #707,"I-85 , EXIT 96",Atlanta,GA,18,3.34066666,,,unmatched
591,4156,PETRO STOPPING CENTER #305,"I-10, EXIT 582",San Antonio,TX,740,3.20733333,,,unmatched
594,4169,TA KINGMAN TRAVEL CENTER,"I-40, EXIT 48 & US-93",Kingman,AZ,910,3.899,,,unmatched
610,4227,LOVES TRAVEL STOP #203,"I-40, EXIT 140",Oklahoma City,OK,483,3.35566666,,,unmatched
611,4233,QUIKTRIP #7220,"I-20, EXIT 8",Shreveport,LA,745,2.89233333,,,unmatched
640,4446,LOVES TRAVEL STOP #200,I-40 EXIT 74,Amarillo,TX,585,3.209,,,unmatched
646,4482,FLYING J TRAVEL PLAZA #777,"I-84, EXIT 54(FEDERAL WAY)",Boise,ID,785,3.809,,,unmatched
647,4482,FLYING J FUEL STOP #777,"I-84, EXIT 54(FEDERAL WAY)",Boise,ID,785,3.76566666,,,unmatched
653,4533,SPEEDWAY #1449,"I-65, EXIT 262B",Birmingham,AL,615,2.97566666,,,unmatched
654,4544,BIG CHARLIES TRUCK PLAZA,"I-64, EXIT 282 & US-13",Virginia Beach,VA,130,3.489,,,unmatched
685,4700,A C TRUCKSTOP,"I-80, EXIT 290",Laramie,WY,795,3.079,,,unmatched
716,4909,CIRCLE K #2723916,US-441/US-301/US/27/SR-500,Ocala,FL,140,3.459,,,unmatched
718,4918,PILOT TRAVEL CENTERS #219,"I-40, EXIT 398",Knoxville,TN,405,3.699,,,unmatched
735,5060,CRAZY FREDS TRUCK SHOP,"I-40, EXIT 44 & US-66",Kingman,AZ,910,3.539,,,unmatched
785,5419,USA TRAVEL CENTER,"I-40, EXIT 48 & US-93",Kingman,AZ,910,3.399,,,unmatched
791,5446,PETRO STOPPING CENTER #308,"I-20, EXIT 8 & SR-526",Shreveport,LA,745,3.17566666,,,unmatched
813,5592,TA COLUMBIA NORTH,"I-20, EXIT 71 & US-21",Columbia,SC,46,3.439,,,unmatched
888,6001,ALLSUPS #2392,US-70 & US-285,Roswell,NM,700,3.199,,,unmatched
938,6221,LOVES TRAVEL STOP #214,I-10 EXIT 37,El Paso,TX,640,3.07566666,,,unmatched
940,6227,MARLOWS FUEL CENTER,"I-20, EXIT 479",Dallas,TX,630,3.24066666,,,unmatched
958,6305,I-95 Fuel Stop,"I-95, EXIT 126 & US-17/US-1",Fredericksburg,VA,180,3.264,,,unmatched
998,6547,FLYING J TRAVEL PLAZA #762,"I-90, EXIT 126 & SR-59",Gillette,WY,836,3.899,,,unmatched
1009,6608,7-ELEVEN #35560,SR-16,Charlotte,NC,46,3.999,,,unmatched
1040,6823,PETRO STOPPING CENTER #301,"I-10, EXIT 37",El Paso,TX,640,3.124,,,unmatched
1050,6885,GO MART FOOD STORE #31,"I-77, EXIT 95 & SR-61",Charleston,WV,44,3.499,,,unmatched
1091,7023,TA AMARILLO WEST TRAVEL CENTER,"I-40, EXIT 74",Amarillo,TX,585,3.279,,,unmatched
1098,7064,SPEEDWAY #9804,"I-10, EXIT 25",El Paso,TX,640,3.41566666,,,unmatched
1122,7147,JUBITZ TRAVEL PLAZA,"I-5, EXIT 307",Portland,OR,935,3.859,,,unmatched
1124,7154,TA OKLAHOMA CITY WEST TRAVEL CENTER,"I-40, EXIT 140",Oklahoma City,OK,483,3.30233333,,,unmatched
1125,7156,TA OKLAHOMA CITY EAST TRAVEL CENTER,"I-40, EXIT 142",Oklahoma City,OK,483,3.30066666,,,unmatched
1133,7179,JIMS TRUCK PLAZA,"I-90, EXIT 52E",Buffalo,NY,38,3.799,,,unmatched
1134,7179,JIMS TRUCK PLAZA,"I-90, EXIT 52E",Buffalo,NY,38,3.659,,,unmatched
1155,7226,TA LAS CRUCES TRAVEL CENTER,"I-10, EXIT 139",Las Cruces,NM,640,3.14066666,,,unmatched
1157,7228,MAVERIK COUNTRY STORE #638,"I-40, EXIT 159D & I-25/US-85, EXIT 227",Albuquerque,NM,580,3.20733333,,,unmatched
1160,7231,TA ALBUQUERQUE TRAVEL CENTER,"I-25, EXIT 227 OR 225",Albuquerque,NM,580,3.58733333,,,unmatched
1165,7244,TA LAS VEGAS TRAVEL CENTER,"I-15, EXIT 33",Las Vegas,NV,910,3.73566666,,,unmatched
1166,7248,WILD WILD WEST TRAVEL PLAZA,"I-15, EXIT 37",Las Vegas,NV,910,3.76733333,,,unmatched
1171,7268,SAPP BROS TRAVEL CENTER,"I-80, EXIT 440 & SR-50, EXIT 440",Omaha,NE,486,3.28066666,,,unmatched
1252,7482,TA BOISE TRAVEL CENTER,"I-84, EXIT 54",Boise,ID,785,3.77066666,,,unmatched
1261,7535,GIANT #198,"I-4/SR-400, EXIT 7 & US-301/SR-41",Tampa,FL,225,3.25733333,,,unmatched
1273,7617,TUCSON TRUCK TERMINAL,"I-10, EXIT 268",Tucson,AZ,980,3.22233333,,,unmatched
1283,7705,FLYING J TRAVEL PLAZA #610,"I-40, EXIT 53",Kingman,AZ,910,3.88233333,,,unmatched
1293,7733,FLYING J TRAVEL PLAZA #723,"I-40, EXIT 76",Amarillo,TX,585,3.26566666,,,unmatched
1308,8840,LOVES TRAVEL STOP #211,"I-35, EXIT 120",Oklahoma City,OK,483,3.25566666,,,unmatched
1343,9542,SPINX #266,"I-26, EXIT 104",Columbia,SC,135,3.13233333,,,unmatched
1351,9675,FLYING J TRAVEL PLAZA #722,"I-75 & I-40, EXIT 369",Knoxville,TN,405,3.439,,,unmatched
1367,9812,LEES FOOD MART #1398,"I-40, EXIT 398",Knoxville,TN,405,3.299,,,unmatched
1390,10014,Sudden Service #6604,"I-40, EXIT 212",Nashville,TN,460,3.399,,,unmatched
1391,10015,Loves Travel Stop #429,"I-65 & I-24, EXIT 87",Nashville,TN,460,3.46233333,,,unmatched
1396,10033,SHELL,"I-95, EXIT 133 & US-17 BUS",Fredericksburg,VA,180,3.25566666,,,unmatched
1399,10057,Flying J Travel Plaza #649,"I-465, EXIT 4",Indianapolis,IN,375,3.899,,,unmatched
1400,10057,Flying J TravelPlaza #649,"I-465, EXIT 4",Indianapolis,IN,375,3.899,,,unmatched
1405,10101,PILOT TRAVEL CENTERS #65,"I-20, EXIT 194",Augusta,GA,135,3.859,,,unmatched
1406,10101,PILOT TRAVEL CENTER #65,"I-20, EXIT 194",Augusta,GA,135,3.859,,,unmatched
1460,20109,PILOT TRAVEL CENTERS #306,"I-10, EXIT 582",San Antonio,TX,740,3.214,,,unmatched
1473,52067,PETRO STOPPING CENTER #322,"I-285, EXIT 12",Atlanta,GA,18,3.44566666,,,unmatched
1495,52145,Pilot Travel Center #318,"I-465/I-74/US-52/US-40/SR-67, EXIT 4 & SR-37",Indianapolis,IN,375,3.899,,,unmatched
1496,52145,Pilot Travel Centers#318,"I-465/I-74/US-52/US-40/SR-67, EXIT 4 & SR-37",Indianapolis,IN,375,3.899,,,unmatched
1500,52152,PILOT TRAVEL CENTERS #308,"I-80 , EXIT 310",Laramie,WY,795,3.609,,,unmatched
1508,52221,FLYING J TRAVEL PLAZA #726,"I-20, EXIT 472",Dallas,TX,630,3.18233333,,,unmatched
1512,52235,PETRO STOPPING CENTER #303,"I-80, EXIT 310",Laramie,WY,795,3.57566666,,,unmatched
1537,52348,SHELL,"I-75, EXIT47 & SR-85",Detroit,MI,325,3.699,,,unmatched
1538,52361,PAYLESS FUEL TRAVEL CENTER,"I-20, EXIT 470",Dallas,TX,630,2.98566666,,,unmatched
1583,52467,FLYING J TRAVEL PLAZA #712,"I-20, EXIT 70",Columbia,SC,135,3.43233333,,,unmatched
1584,52468,FLYING J TRAVEL PLAZA #703,"I-40, EXIT 140",Oklahoma City,OK,483,3.309,,,unmatched
1602,52511,JOES JUNCTION #9,"I-65, RAYMOND EXIT",Indianapolis,IN,375,3.459,,,unmatched
1613,52531,FLYING J FUEL STOP #768,"I-435, EXIT 57",Kansas City,MO,400,3.38233333,,,unmatched
1617,52539,PILOT TRAVEL CENTERS #331,"I-285 , EXIT 51",Atlanta,GA,18,3.599,,,unmatched
1618,52539,PILOT TRAVEL CENTER #331,"I-285 , EXIT 51",Atlanta,GA,18,3.599,,,unmatched
1625,52549,SPEEDWAY #3328,"I-77, EXIT 159 A",Cleveland,OH,305,3.799,,,unmatched
1630,52553,FLYING J TRAVEL PLAZA #689,"I-40, EXIT 153",Albuquerque,NM,580,3.549,,,unmatched
1636,52565,PILOT TRAVEL CENTERS #377,"I-35, EXIT 13",Laredo,TX,693,3.599,,,unmatched
1637,52566,YUMM,"I-35, EXIT 8",Laredo,TX,598,2.87566666,,,unmatched
1689,52635,E EXPRESS at MLK,"I-40 & I-35, EXIT 127",Oklahoma City,OK,483,2.889,,,unmatched
1698,52646,FLYING J TRAVEL PLAZA #619,"I-70, EXIT 285",Aurora,CO,800,3.39233333,,,unmatched
1707,52661,LOVES TRAVEL STOP #281,"I-35 WEST, EXIT 40",Fort Worth,TX,630,3.18733333,,,unmatched
1765,60324,FUEL MART OF AMERICA,"I-75, EXIT 59",Detroit,MI,325,3.499,,,unmatched
1783,60382,WINDSTARS #5101,"I-435, EXIT 57",Kansas City,MO,400,3.099,,,unmatched
1813,60579,SPEEDWAY #4633,US-220/US-221/US-460,Roanoke,VA,185,3.399,,,unmatched
1822,60700,PWI #502,"I-70/US-40, EXIT 259",Golden,CO,800,3.199,,,unmatched
1884,61034,MOTOR CITY TRUCK STOP,"I-75, EXIT 43",Detroit,MI,325,3.499,,,unmatched
1904,61110,HB OF RANDOLPH,"I-435, EXIT 55B & SR-210",Kansas City,MO,400,3.149,,,unmatched
1952,61483,CM SILVER DOLLAR,"I-220, EXIT 7",Shreveport,LA,745,3.299,,,unmatched
1975,61633,ECO TRAVEL PLAZA,"I-40, EXIT 320 & SR-298",Crossville,TN,405,3.02566666,,,unmatched
2043,62887,SPEEDWAY #9367,"I-275, EXIT 42",Cincinnati,OH,300,3.12566666,,,unmatched
2049,63018,CIRCLE K #2723354,"I-526, EXIT 18A & US-78",Charleston,SC,42,3.299,,,unmatched
2095,63530,BIG EASY TRAVEL PLAZA,"I-10, EXIT 239-B",New Orleans,LA,725,3.799,,,unmatched
2103,63564,PILOT TRAVEL CENTERS #213,"I-70, EXIT 94 (WILSON ROAD)",Columbus,OH,315,3.509,,,unmatched
2110,63571,Palace Truckstop,"I-10, EXIT 246 & I-510, EXIT 2C",New Orleans,LA,725,3.299,,,unmatched
2133,63600,PILOT TRAVEL CENTERS #77,"I-55 /I-20, EXIT 45",Jackson,MS,760,3.149,,,unmatched
2157,63621,FUEL CITY FRIENDLYS,"I-35E, EXIT 435",Dallas,TX,630,2.96566666,,,unmatched
2199,63702,QUICK FUEL #2501,"I-264, EXIT 14",Louisville,KY,415,3.08233333,,,unmatched
2200,63703,QUICK FUEL #2303,"I-71, EXIT 104/FRANK RD EXIT",Columbus,OH,315,3.56566666,,,unmatched
2201,63704,QUICK FUEL #2301,"I-275, EXIT 44",Cincinnati,OH,300,3.239,,,unmatched
2207,63720,FLYING J TRAVEL PLAZA #611,"I-10, EXIT 137",Phoenix,AZ,930,3.589,,,unmatched
2212,63726,FLYING J TRAVEL PLAZA #706,"I-44 & I-244, EXIT 236",Tulsa,OK,560,3.36566666,,,unmatched
2235,63751,PETRO STOPPING CENTER #328,"I-20 & I-55, EXIT 45",Jackson,MS,620,3.109,,,unmatched
2241,63756,PILOT TRAVEL CENTERS #144,"I-20, EXIT 200",Augusta,GA,135,3.859,,,unmatched
2242,63756,PILOT TRAVEL CENTER #144,"I-20, EXIT 200",Augusta,GA,135,3.859,,,unmatched
2269,63778,KWIK TRIP #662,SR-55/SR-149,Saint Paul,MN,451,3.629,,,unmatched
2277,63792,PILOT TRAVEL CENTER #424,"I-75, EXIT 358",Ocala,FL,140,3.41233333,,,unmatched
2278,63792,PILOT TRAVEL CENTERS #424,"I-75, EXIT 358",Ocala,FL,140,3.359,,,unmatched
2287,63801,PILOT #1126,"I-435, EXIT 55 & SR-210",Kansas City,MO,400,3.38233333,,,unmatched
2292,63813,TA SAN ANTONIO TRAVELCENTER,"I-10 & FOSTER RD, EXIT 583",San Antonio,TX,740,3.20733333,,,unmatched
2307,63876,Mobil,"FL TURNPIKE, EXIT 244",Kissimmee,FL,225,3.449,,,unmatched
2309,63893,QUICK FUEL #2204,"I-285, EXIT 58/SR-407 & I-75, EXIT 237/SR-401",Atlanta,GA,18,3.27566666,,,unmatched
2326,63942,Discount Zone,"I-10, EXIT CLEARVIEW",New Orleans,LA,725,3.279,,,unmatched
2364,64044,DISCOUNT ZONE,"I-510, EXIT 240",New Orleans,LA,725,3.149,,,unmatched
2473,64408,QUIKTRIP #4058,"I-37, EXIT 125 & SR-1604",San Antonio,TX,740,2.96566666,,,unmatched
2474,64409,LONE STAR TRAVEL CENTER,"I-35, EXIT 147",San Antonio,TX,740,3.059,,,unmatched
2484,64441,MILLER MART #55,US-460 & US-58/US-13,Suffolk,VA,130,3.09233333,,,unmatched
2501,64485,PILOT TRAVEL CENTERS #433,"I-20, EXIT 470",Dallas,TX,630,3.18233333,,,unmatched
2509,64490,QUICK FUEL #2201,"I-85, EXIT 36",Atlanta,GA,18,3.35233333,,,unmatched
2513,64492,QUICK FUEL #2103,"I-70, EXIT 89",Indianapolis,IN,375,3.309,,,unmatched
2525,64500,QUICK FUEL #2402,"I-435, EXIT 57",Kansas City,MO,400,3.29233333,,,unmatched
2526,64501,QUICK FUEL #2602,"I-85, EXIT 40",Charlotte,NC,46,3.39566666,,,unmatched
2527,64502,QUICK FUEL #2305,"I-270, EXIT 10",Columbus,OH,315,3.63066666,,,unmatched
2543,64529,PILOT TRAVEL CENTERS #436,"I-40, EXIT 75",Amarillo,TX,585,3.26566666,,,unmatched
2559,64569,LOVES TRAVEL STOP #624,"I-65, EXIT 8B",Mobile,AL,715,3.20566666,,,unmatched
2560,64571,PETRO STOPPING CENTER #331,"I-15, EXIT 54",Las Vegas,NV,910,3.734,,,unmatched
2572,64648,QUICK FUEL #2203,"I-20, EXIT 14",Atlanta,GA,18,3.319,,,unmatched
2573,64651,QUICK FUEL #2101,I-465,Indianapolis,IN,375,3.869,,,unmatched
2576,64656,QUICK FUEL #2601,SR-27,Charlotte,NC,46,3.51233333,,,unmatched
2587,64676,PILOT TRAVEL CENTERS #460,"I-40, EXIT 140",Oklahoma City,OK,483,3.309,,,unmatched
2595,64683,QUIKTRIP #777,"I-20, EXIT 49",Atlanta,GA,18,2.97233333,,,unmatched
2596,64684,MR FUEL #721,"I-465, EXIT 4 & SR 37",Indianapolis,IN,375,3.319,,,unmatched
2616,64779,SPEEDWAY #6530,US-50,Brooksville,FL,225,3.38233333,,,unmatched
2617,64789,KROME EXXON,SR-997 & SR-994,Miami,FL,95,3.399,,,unmatched
2619,64795,QUICK FUEL #5101,"I-4, EXIT 79",Orlando,FL,140,3.36233333,,,unmatched
2620,64798,RIVIERA TRUCKSTOP,SR-710,West Palm Beach,FL,95,3.779,,,unmatched
2621,64803,MARATHON,"I-4, EXIT 3",Tampa,FL,225,3.42233333,,,unmatched
2622,64804,SPEEDLANE,US-301 &SR-574,Tampa,FL,225,3.449,,,unmatched
2699,65025,ELSIE AUTO AND TRUCK PLAZA,SR-1,Shreveport,LA,766,2.949,,,unmatched
2741,65162,Petro Mart #15,I-270 EXIT 33,Saint Louis,MO,540,2.904,,,unmatched
2801,65360,Roswell #60,US-285,Roswell,NM,593,3.36566666,,,unmatched
2816,65406,MOBIL,"I-90/SR-2, EXIT 182B",Cleveland,OH,305,3.76566666,,,unmatched
2865,65652,CIRCLE K #2706343,"I-20, EXIT 428",Fort Worth,TX,630,2.969,,,unmatched
2867,65666,FUEL CITY #2,"I-30, EXIT 45B/I-35E",Dallas,TX,630,2.96566666,,,unmatched
2912,65836,PILOT TRAVEL CENTERS #434,"I-35W, EXIT 65",Fort Worth,TX,630,3.264,,,unmatched
2946,65919,QUICK FUEL #5001,US-78/SR-4,Memphis,TN,435,3.02566666,,,unmatched
2954,66014,BIG D TRAVEL CENTER,SR-12 & SR-183,Irving,TX,630,2.95566666,,,unmatched
2957,66017,FLYING J TRAVEL PLAZA #626,"I-95/SR-9, EXIT 305 & SR-206",Saint Augustine,FL,75,3.449,,,unmatched
2975,66036,FLYING J TRAVEL PLAZA #602,"I-65, EXIT 264",Birmingham,AL,615,3.559,,,unmatched
2980,66040,LOVES TRAVEL STOP #272,"I-40 & DW (RANCH RD), EXIT 59",Kingman,AZ,910,3.85566666,,,unmatched
2992,66056,PILOT TRAVEL CENTERS #114,"I-40, EXIT 320",Crossville,TN,405,3.24566666,,,unmatched
3049,66149,QUICK FUEL #5105,"I-75, EXIT W BRANDON BLVD",Tampa,FL,225,3.50066666,,,unmatched
3053,66172,Timewise Food Store #163,"I-35, EXIT 8",Laredo,TX,693,2.93566666,,,unmatched
3069,66223,7-ELEVEN #36548,SR-83,Laredo,TX,693,2.999,,,unmatched
3083,66237,ROUTE 66 TRAVEL CENTER,"I-40, EXIT 140",Albuquerque,NM,580,3.359,,,unmatched
3110,66286,CASEYS #4205,"I-40/75, EXIT 374",Knoxville,TN,405,3.099,,,unmatched
3129,66316,CASEYS #4204,SR-168,Knoxville,TN,405,3.259,,,unmatched
3144,66339,PILOT DEALER #873,US-27,Miami,FL,176,3.699,,,unmatched
3145,66339,PILOT TRAVEL CENTERS #873,US-27,Miami,FL,176,3.699,,,unmatched
3151,66349,CIRCLE K #2741796,"I-40, EXIT 5",Little Rock,AR,695,3.36566666,,,unmatched
3171,66377,QUIKTRIP #873,"I-35W, EXIT 42",Fort Worth,TX,630,2.97566666,,,unmatched
3182,66399,CIRCLE K #2723672,"I-59/I-20, EXIT 128",Birmingham,AL,615,3.699,,,unmatched
3196,66424,CIRCLE K #2741652,"I-10, EXIT 139",Phoenix,AZ,930,3.369,,,unmatched
3202,66440,BP CONNECT #4701,I-55,Chicago,IL,290,3.569,,,unmatched
3261,66573,Brake Time Corner Market,"I-135, EXIT 14",Wichita,KS,570,3.299,,,unmatched
3279,66614,MARATHON,"I-94, EXIT 212A",Detroit,MI,325,3.899,,,unmatched
3280,66614,MARATHON,"I-94, EXIT 212A",Detroit,MI,325,3.699,,,unmatched
3300,66668,ACME TRUCK STOP,"I-4, EXIT 96",Orlando,FL,140,3.399,,,unmatched
3301,66669,CIRCLE K #2726032,I-40,Jacksonville,FL,75,3.429,,,unmatched
3315,66718,Bartonville SHELL,"I-474, EXIT 6",Peoria,IL,368,4.299,,,unmatched
3318,66725,SPEEDWAY #9662,I-264,Louisville,KY,415,3.029,,,unmatched
3351,66793,CIRCLE K #2723693,"I-526, EXIT 19 & SR-10-60",Charleston,SC,42,2.97566666,,,unmatched
3356,66800,CIRCLE K #2743950,I-35,San Antonio,TX,740,2.804,,,unmatched
3362,66807,QUICK FUEL #5303,"I-35E, EXIT 436A",Dallas,TX,637,3.04566666,,,unmatched
3383,66843,FLYING J TRAVEL PLAZA #728,"I-10, EXIT 37",El Paso,TX,640,3.09233333,,,unmatched
3432,66920,7-ELEVEN #35562,"I-85, EXIT 32",Charlotte,NC,46,3.379,,,unmatched
3440,66928,FLYING J TRAVEL PLAZA #730,"I-35/US-83, EXIT 13",Laredo,TX,693,3.599,,,unmatched
3459,66954,LOVES TRAVEL STOP #344,I-240 EXIT 21 & US-78/SR-4,Memphis,TN,435,3.249,,,unmatched
3499,67053,TA LAREDO TRAVEL CENTER,"I-35/US-83, EXIT 13",Laredo,TX,693,3.649,,,unmatched
3517,67070,CASEYS #4225,"SR-155N, EXIT 26-A",Nashville,TN,460,3.06233333,,,unmatched
3536,67096,SPEEDWAY #6997,I-95/US-301,Fayetteville,NC,63,3.39566666,,,unmatched
3543,67109,SPEEDWAY #4676,US-13/SR-32,Suffolk,VA,130,3.799,,,unmatched
3621,67239,RELAY STATION,SR-1,Shreveport,LA,745,3.13233333,,,unmatched
3649,67296,LOVES TRAVEL STOP #340,"I-15, EXIT 64 & US-93",Las Vegas,NV,910,3.689,,,unmatched
3658,67308,FUEL STAR,SR-48,New Orleans,LA,619,3.279,,,unmatched
3720,67411,LOVES TRAVEL STOP #226,"I-25, EXIT 104",Pueblo,CO,803,3.619,,,unmatched
3723,67417,QUIKTRIP #444,"I-10 EXIT, 139",Phoenix,AZ,930,3.369,,,unmatched
3730,67424,FLORIDA 595 TRUCK STOP,"I-595/SR-84, EXIT 9 & US-441",Fort Lauderdale,FL,64,3.769,,,unmatched
3743,67438,LOVES TRAVEL STOP #363,"I-75, EXIT 358 & SR-326",Ocala,FL,225,3.353,,,unmatched
3744,67438,LOVES TRAVEL STOPS #363,"I-75, EXIT 358 & SR-326",Ocala,FL,225,3.329,,,unmatched
3791,67666,5 STAR TRUCK STOP,"I-44, EXIT 137",Oklahoma City,OK,483,2.879,,,unmatched
3844,67755,BLUE WATER #12,"I-526, EXIT 23",Charleston,SC,42,3.23233333,,,unmatched
3855,67777,CIRCLE K #2721270,"I-95, EXIT 358B, SR-105",Jacksonville,FL,75,3.34233333,,,unmatched
3875,67801,SUNOCO,"I-275, EXIT 42/SR-747",Cincinnati,OH,407,3.099,,,unmatched
3881,67818,LOVES TRAVEL STOP #457,"I-30/US-67/US-70, EXIT 128",Little Rock,AR,695,3.24233333,,,unmatched
3938,67925,CHEVRON,US-61,Baton Rouge,LA,600,3.899,,,unmatched
3968,68016,Chevron #386730,"I-10, EXIT 139",Phoenix,AZ,930,3.299,,,unmatched
3969,68017,TEXACO,SR-89,Prescott,AZ,930,3.739,,,unmatched
3970,68019,PAC PRIDE CARDLOCK,CR-25/CR-826,Miami,FL,95,3.479,,,unmatched
3974,68030,FIVE STAR EXPRESS,"I-520/SR-415, EXIT 16 & SR-28",Augusta,GA,135,3.499,,,unmatched
3977,68033,CIRCLE K #2703175,"I-520/SR-415, EXIT 9 & SR-56",Augusta,GA,135,3.28233333,,,unmatched
4004,68112,QUICK FUEL #3138,"I-35, EXIT 98/CR-26",Saint Paul,MN,448,3.61733333,,,unmatched
4007,68116,Circle K #2746335,"I-35, EXIT 22",Minneapolis,MN,448,3.799,,,unmatched
4022,68156,A PLUS MINI MARKET,"I-95, EXIT 26",Philadelphia,PA,160,3.999,,,unmatched
4028,68169,GOLDEN GATE GOLDEN VALLEY,"US-395, EXIT 73",Reno,NV,966,3.949,,,unmatched
4039,68211,CEFCO #2005,"I-40, EXIT 73",Amarillo,TX,585,2.869,,,unmatched
4080,68306,BIG D #018,SR-387 & SR-59,Gillette,WY,790,3.459,,,unmatched
4102,68347,ENERGY EXPRESS TRAVEL CENTER,I-70 EXIT 247,Saint Louis,MO,540,2.909,,,unmatched
4108,68360,A PLUS MINI MARKET,"I-95, EXIT 19",Philadelphia,PA,160,4.049,,,unmatched
4128,68396,TOOT N TOTUM #44,SR-287 E/CR-335 N,Amarillo,TX,585,3.04233333,,,unmatched
4143,68440,EXPRESS GAS,"I-40, EXIT 2A/US-51",Memphis,TN,435,2.979,,,unmatched
4164,68497,JACKSONS FOOD STORE #30,"I-86, EXIT 61",Pocatello,ID,825,3.459,,,unmatched
4178,68542,EXCELL FUELS,SR-5,Buffalo,NY,38,3.999,,,unmatched
4191,68594,CIRCLE K #2723796,SR-S-8-33 & SR-S-8-119,Charleston,SC,42,3.199,,,unmatched
4210,68650,MARATHON,"I-75, EXIT 8",Cincinnati,OH,300,3.899,,,unmatched
4220,68685,QUICK FUEL #2403,"I-29/I-35/SR-71, EXIT 5B",Kansas City,MO,400,3.344,,,unmatched
4227,68697,STRIPES #40915,"I-35, EXIT 8 & SR-20 & FM-1472",Laredo,TX,693,2.979,,,unmatched
4229,68699,ORGANIC CONNECTION MOBIL,SR-997,Homestead,FL,95,3.344,,,unmatched
4266,68831,KWIK TRIP #896,SR-65 & CR-J,Minneapolis,MN,451,3.599,,,unmatched
4273,68843,PILOT #467,"I-37, EXIT 125",San Antonio,TX,740,3.399,,,unmatched
4284,68865,QUICK FUEL #3192,"I-275, EXIT 42B & SR-747",Cincinnati,OH,300,3.25233333,,,unmatched
4308,68903,BIG D KWIK SHOP,SR-59,Gillette,WY,836,3.379,,,unmatched
4310,68908,SPEEDWAY #1804,"I-270, EXIT 32 & I-71, EXIT 116",Columbus,OH,315,3.69233333,,,unmatched
4332,68947,PILOT TRAVEL CENTER #593,"I-10, EXIT 268",Tucson,AZ,980,3.30233333,,,unmatched
4371,69007,SPEEDWAY #7136,US-41 & US-70,Nashville,TN,460,3.24233333,,,unmatched
4383,69029,LOVES TRAVEL STOP #461,"I-70, EXIT 246A",Saint Louis,MO,540,3.114,,,unmatched
4400,69048,QUICK FUEL #2104,"I-74, EXIT 11",Indianapolis,IN,375,3.66233333,,,unmatched
4429,69091,SPEEDWAY #6670,US-36/SR-67,Indianapolis,IN,375,3.229,,,unmatched
4430,69095,JACKSONS FOOD STORE #23,"SR-395, EXIT 78",Reno,NV,966,3.999,,,unmatched
4432,69097,CIRCLE K #2741192,"I-30, EXIT 42B & SR-180",Dallas,TX,630,2.899,,,unmatched
4440,69104,QUIKTRIP #970,SR-12 & SR-180,Dallas,TX,630,2.97566666,,,unmatched
4468,69149,BLU STATION- LAMAR AVE,"I-240, EXIT 30",Memphis,TN,435,2.969,,,unmatched
4476,69156,BLU STATION,"I-55, EXIT 5A",Memphis,TN,435,2.969,,,unmatched
4563,69313,PETERSONS DIESEL FUELING,"I-5, EXIT 156",Seattle,WA,962,4.399,,,unmatched
4580,69341,CIRCLE K #2741067,"I-410/US-281, EXIT 41",San Antonio,TX,740,2.899,,,unmatched
4585,69353,SPEEDWAY #2910,"I-79, EXIT 55",Pittsburgh,PA,165,3.909,,,unmatched
4601,69395,SPEEDWAY #3766,US-52,Indianapolis,IN,375,3.599,,,unmatched
4602,69396,SPEEDWAY #7158,"I-40, EXIT 320 & SR-98",Crossville,TN,460,3.07233333,,,unmatched
4618,69421,CIRCLE K #2741257,"I-10, EXIT 19B",El Paso,TX,640,2.91566666,,,unmatched
4619,69423,FAST MARKET #4574,SR-375 & CR-258,El Paso,TX,640,2.90566666,,,unmatched
4640,69465,MAVERIK COUNTRY STORE #476,US-59,Gillette,WY,790,3.36566666,,,unmatched
4644,69471,Circle K #2741501,"I-37, EXIT 3A",Corpus Christi,TX,625,3.104,,,unmatched
4681,69530,CIRCLE K #2741030,"I-35, EXIT 160",San Antonio,TX,740,2.999,,,unmatched
4701,69558,CIRCLE K #2741070,FM-1560,San Antonio,TX,740,2.914,,,unmatched
4703,69560,LOVES TRAVEL STOP #614,"I-40, EXIT 149",Albuquerque,NM,580,3.52066666,,,unmatched
4704,69561,SPEEDWAY #7156,"I-40/75, EXIT 374 & SR-131",Knoxville,TN,405,3.26566666,,,unmatched
4705,69562,SPEEDWAY #8796,"I-496, EXIT 11",Lansing,MI,406,3.699,,,unmatched
4729,69592,SPEEDWAY #6131,"I-465, EXIT 49",Indianapolis,IN,375,3.799,,,unmatched
4797,69683,GOOD TO GO #88,"I-55, EXIT 283",Chicago,IL,291,3.619,,,unmatched
4809,69699,CIRCLE K #2741552,"SR-969, SR-130, EXIT 444",Austin,TX,595,2.93233333,,,unmatched
4812,69703,CIRCLE K #2741831,"I-35, EXIT 8B & SR-20",Laredo,TX,693,2.90233333,,,unmatched
4817,69711,PILOT TRAVEL CENTER #1047,"I-295, EXIT 25",Jacksonville,FL,75,3.384,,,unmatched
4818,69711,PILOT #1047,"I-295, EXIT 25",Jacksonville,FL,75,3.359,,,unmatched
4843,69755,PILOT #1082,"I-526, EXIT 19",Charleston,SC,42,3.41566666,,,unmatched
4849,69772,CIRCLE K #2741825,"I-410, EXIT 2 & FM-2536",San Antonio,TX,740,3.099,,,unmatched
4923,69879,SPEEDWAY #3700,I-70 EXIT 77,Indianapolis,IN,375,3.319,,,unmatched
4946,69907,STRIPES #41023,SR-358 & FM-665,Corpus Christi,TX,625,3.07066666,,,unmatched
4948,69912,AMPM,"I-10, EXIT 140",Phoenix,AZ,930,3.28233333,,,unmatched
4950,69914,PETRO COLUMBIA,"I-77, EXIT 5 & SR-48",Columbia,SC,46,3.41233333,,,unmatched
4965,69932,CIRCLE K #2741847,SR-16,San Antonio,TX,740,3.07233333,,,unmatched
4966,69933,Flyers #3202,"I-17, EXIT 201",Phoenix,AZ,930,3.369,,,unmatched
4977,69945,BP,"I-465, EXIT 49",Indianapolis,IN,375,3.799,,,unmatched
5011,69995,PILOT EXPRESS #1178,"I-10, EXIT 273",Tucson,AZ,980,3.219,,,unmatched
5025,70012,MAVERIK COUNTRY STORE #549,"I-70, EXIT 283",Aurora,CO,800,3.18566666,,,unmatched
5115,70136,FUEL CITY SAGINAW,CR-156,Fort Worth,TX,630,2.96566666,,,unmatched
5135,70162,PILOT #1049,US-58,Suffolk,VA,130,3.899,,,unmatched
5145,70176,MAVERIK COUNTRY STORE #565,I-84,Boise,ID,785,3.39566666,,,unmatched
5160,70207,PILOT TRAVEL CENTERS #1344,I-20 EXIT 425,Fort Worth,TX,630,2.909,,,unmatched
5180,70229,TA EXPRESS HENDERSON #969,I-11 EXIT 15A,Henderson,NV,910,3.639,,,unmatched
5185,70239,GOOD 2 GO #717,"I-25, EXIT 145",Colorado Springs,CO,803,3.479,,,unmatched
5191,70246,7-Eleven #37565,SR-944 & SR-9,Miami,FL,95,3.249,,,unmatched
5192,70247,EXXON DBA ONE9 #1416,I-20 EXIT 458,Dallas,TX,630,2.99233333,,,unmatched
5211,70273,SPEEDWAY #5457,"I-264 E, EXIT 14 & SR-864 N",Louisville,KY,415,3.029,,,unmatched
5232,70291,LOVES TRAVEL STOP #723,"I-80, EXIT 310 & CR-322",Laramie,WY,795,3.61566666,,,unmatched
5239,70299,Mr Fuel dba Pilot Express #1149,"I-295, EXIT 41 & SR-105",Jacksonville,FL,75,3.239,,,unmatched
5240,70299,PILOT EXPRESS #1149,"I-295, EXIT 41 & SR-105",Jacksonville,FL,75,3.239,,,unmatched
5241,70299,Mr Fuel Travel Center dba Pilot Express #1149,"I-295, EXIT 41 & SR-105",Jacksonville,FL,75,3.239,,,unmatched
5242,70300,PILOT #1194,I-10 & US-60,Phoenix,AZ,930,6.039,,,unmatched
5243,70300,PILOT DEALER #1194,I-10 & US-60,Phoenix,AZ,930,6.039,,,unmatched
5255,70313,Flyer's #3207,"SR-143, EXIT 2",Phoenix,AZ,930,3.389,,,unmatched
5293,70357,Certified Oil #400489,"I-71, EXIT 104",Columbus,OH,315,3.409,,,unmatched
5305,70376,QUIKTRIP #1935,SR-183,Dallas,TX,630,2.97566666,,,unmatched
5308,70380,LOVES TRAVEL STOP #714,"I-85, EXIT 29",Charlotte,NC,46,3.52233333,,,unmatched
5317,70404,MAVERIK COUNTRY STORE #602,"I-25 EXIT, 138",Colorado Springs,CO,803,3.289,,,unmatched
5334,70419,FUEL AMERICA TRAVEL CENTER,I-35 EXIT 24,Laredo,TX,693,3.099,,,unmatched
5353,70430,SPRINT FOODS #715,I-520 & SR-56,Augusta,GA,135,3.19233333,,,unmatched
5360,70437,Thorntons #155,"SR-1020 N, & SR1065 E",Louisville,KY,415,2.90566666,,,unmatched
5389,70467,QUIKTRIP #598,"I-80, EXIT 439, SR-370",Omaha,NE,486,2.92733333,,,unmatched
5392,70472,SHELL/ONE9 #1304,I-820 & CR-156,Fort Worth,TX,630,2.89233333,,,unmatched
5393,70474,EXXON,"I-30, EXIT 42A",Dallas,TX,630,3.499,,,unmatched
5486,70598,SPEEDWAY #7175,US-78 & SR-175,Memphis,TN,435,3.199,,,unmatched
5504,70617,QUIKTRIP #224,"I-435, EXIT 57",Kansas City,MO,400,3.099,,,unmatched
5531,70645,QUIKTRIP #4048,"I-410, EXIT164B",San Antonio,TX,740,2.96566666,,,unmatched
5558,70666,Thorntons #322,"I-55, EXIT 288",Chicago,IL,290,3.599,,,unmatched
5565,70676,PAC PRIDE,"I-10, EXIT 138",Phoenix,AZ,930,4.0365,,,unmatched
5567,70679,PAC PRIDE,"I-10, EXIT 151",Phoenix,AZ,930,4.024,,,unmatched
5568,70680,PAC PRIDE,"I-17, EXIT 215B",Phoenix,AZ,930,4.024,,,unmatched
5576,70691,QUIKTRIP #4049,"I-10/US-90, EXIT 583",San Antonio,TX,740,2.96566666,,,unmatched
5593,70711,LOVES TRAVEL STOP #762,FM-1472,Laredo,TX,693,3.25566666,,,unmatched
5596,70717,Certified Oil #400491,I-270 EXIT 52,Columbus,OH,315,3.20233333,,,unmatched
5667,70785,CIRCLE K #2705347,"I-77, EXIT 5 & SR-48",Columbia,SC,135,3.204,,,unmatched
5668,70786,CIRCLE K #2741502,"I-37, EXIT 9",Corpus Christi,TX,625,3.06066666,,,unmatched
5678,70796,QUICK FUEL #3177,"I-35W, EXIT 56",Fort Worth,TX,637,3.03233333,,,unmatched
5683,70833,FLYERS #764,SR-667,Reno,NV,966,4.05233333,,,unmatched
5689,70864,FLYERS #747,"I-580/US-395, EXIT 29 & SR-659",Reno,NV,966,4.054,,,unmatched
5699,70879,MAVERIK COUNTRY STORE #611,I-40 EXIT 154,Albuquerque,NM,580,3.194,,,unmatched
5711,70892,QUARLES #4001,I-95 EXIT 133,Fredericksburg,VA,60,3.759,,,unmatched
5712,70893,QUARLES #4002,"I-95 EXIT 130A, SR-2",Fredericksburg,VA,60,3.759,,,unmatched
5719,70900,QUARLES #4306,I-81 EXIT 150A,Roanoke,VA,185,3.559,,,unmatched
5722,70903,QUARLES #4310,US-11,Roanoke,VA,185,3.559,,,unmatched
5724,70905,QUARLES #4401,US-29,Fairfax,VA,60,4.059,,,unmatched
5763,70947,QUARLES #4946,"I-95, EXIT 130A, SR-3",Fredericksburg,VA,60,3.759,,,unmatched
5769,70953,QUARLES #4948,"I-95, EXIT 126, US-1",Fredericksburg,VA,60,3.759,,,unmatched
5771,70955,QUARLES #4949,"I-95, EXIT 136, US-1",Fredericksburg,VA,60,3.759,,,unmatched
5773,70957,QUARLES #4950,"I-95, EXIT 126A, US-1",Fredericksburg,VA,60,3.759,,,unmatched
5774,70958,QUARLES #4951,SR-3,Fredericksburg,VA,60,3.759,,,unmatched
5783,70967,QUARLES #4823,I-95,Fayetteville,NC,63,3.799,,,unmatched
5789,70974,QUARLES #4933,US-60,Richmond,VA,180,3.699,,,unmatched
5790,70975,QUARLES #4935,"I-95, EXIT 64 & SR-613",Richmond,VA,180,3.699,,,unmatched
5801,70987,QUARLES #4902,US-250/33,Richmond,VA,180,3.699,,,unmatched
5803,70989,QUARLES #4911,I-264 EXIT 19B,Virginia Beach,VA,130,3.57233333,,,unmatched
5808,70994,QUARLES #4906,I-95 EXIT 73,Richmond,VA,180,3.699,,,unmatched
5813,71001,QUARLES #4921,I-95 EXIT 83B,Richmond,VA,180,3.699,,,unmatched
5815,71003,QUARLES #4923,I-95 EXIT 73,Richmond,VA,180,3.699,,,unmatched
5817,71005,QUARLES #4925,I-95 EXIT 78,Richmond,VA,180,3.699,,,unmatched
5818,71006,QUARLES #4926,I-95 EXIT 79,Richmond,VA,180,3.699,,,unmatched
5821,71010,KEYSTOPS,"I-64, EXIT 17",Louisville,KY,415,3.19566666,,,unmatched
5847,71046,SPEEDWAY #9336,US-27/SR-126,Cincinnati,OH,300,3.699,,,unmatched
5861,71063,MAVERIK COUNTRY STORE #639,"I-40, EXIT 153",Albuquerque,NM,580,3.19733333,,,unmatched
5876,71079,DK,SR-375,El Paso,TX,640,2.699,,,unmatched
5879,71083,SPRINT FOOD #701,US-78,Augusta,GA,195,3.22566666,,,unmatched
5880,71084,FIESTA MART #42,US-75,Tulsa,OK,560,3.16566666,,,unmatched
5901,71102,365 Food and Fuel,"I-35W/US-287, EXIT 54A & SR-183",Fort Worth,TX,637,2.97566666,,,unmatched
5905,71106,SECURITY OIL,"I-135, EXIT 10B & SR-96",Wichita,KS,570,3.299,,,unmatched
5916,71117,AM-PM TRUCK STOP,"I-520/SR-415, EXIT 9 & SR-56",Augusta,GA,135,3.359,,,unmatched
5927,71129,Queens Market,"I-85, EXIT 41 & SR-2480",Charlotte,NC,46,3.499,,,unmatched
5998,71200,LOVES TRAVEL STOP #730,"I-80, EXIT 440 & SR-50",Omaha,NE,319,3.28066666,,,unmatched
5999,71201,PRIDE TRAVEL CENTER,I-91 EXIT 33,Hartford,CT,100,3.509,,,unmatched
6005,71208,RACEWAY #6789,US-301 & SR-150,Richmond,VA,180,3.429,,,unmatched
6007,71210,RACETRAC #2515,I-820 & BUS-287,Fort Worth,TX,630,2.87733333,,,unmatched
6017,71221,LOVES TRAVEL STOP #786,I-435 EXIT 55,Kansas City,MO,400,3.389,,,unmatched
6031,71245,MAVERIK COUNTRY STORE #651,"I-15, EXIT 67 & US-30",Pocatello,ID,825,3.40233333,,,unmatched
6032,71246,TOOT N TOTUM #99,I-40 EXIT 75,Amarillo,TX,585,3.04566666,,,unmatched
6048,71264,MAVERIK COUNTRY STORE #649,I-25/US-85 EXIT 220 & SR-500,Albuquerque,NM,580,3.20566666,,,unmatched
6060,71277,CIRCLE K #2706619,I-75 EXIT 354,Ocala,FL,140,3.45733333,,,unmatched
6067,71285,Shrees Truck Stop Seattle,SR-509,Seattle,WA,962,3.799,,,unmatched
6109,71327,MAVERIK COUNTRY STORE #668,"I-80, EXIT 313",Laramie,WY,795,3.24566666,,,unmatched
6152,71369,MR GAS TRAVEL CENTER #21,I-84 EXIT 59A,Boise,ID,785,3.69566666,,,unmatched
6158,71378,QUIKTRIP #1410,"I-10, EXIT 136B & SR-202, EXIT 78A",Phoenix,AZ,930,3.369,,,unmatched
6159,71379,QUIKTRIP #7211,"I-30/US-67/US-70, EXIT 128",Little Rock,AR,695,3.049,,,unmatched
6184,71401,KWIK TRIP #1169,"I-694, EXIT 52B & SR-36",Saint Paul,MN,448,3.51566666,,,unmatched
6186,71404,Flyers #3200,"I-17, Exit 215B",Phoenix,AZ,930,3.35233333,,,unmatched
6187,71405,FLYERS #3201,"US-60, Exit 157",Phoenix,AZ,930,3.369,,,unmatched
6188,71406,FLYERS #3203,"I-10, Exit 139",Phoenix,AZ,930,3.319,,,unmatched
6189,71407,FLYERS #3204,SR 202,Phoenix,AZ,930,3.35233333,,,unmatched
6190,71408,Flyers #3205,"I-17, Exit 195B",Phoenix,AZ,930,3.38233333,,,unmatched
6194,71413,Flyers #3216,"US 60, Exit 194",Apache Junction,AZ,930,3.42233333,,,unmatched
6195,71416,FLYERS #3225,"I-10, Exit 255",Tucson,AZ,980,3.359,,,unmatched
6196,71417,Flyers #3227,"I-10, Exit 263A",Tucson,AZ,980,3.35566666,,,unmatched
6197,71418,Quick Fuel #3228,"I-10, Exit 264",Tucson,AZ,980,3.36233333,,,unmatched
6198,71421,FLYERS #3236,"SR 601, Exit 22",El Paso,TX,640,3.229,,,unmatched
6200,71429,QUIKTRIP #1432,SR 202 EXIT 76,Phoenix,AZ,930,3.369,,,unmatched
6204,71435,QUIKTRIP #1036,I-85 Exit 40,Charlotte,NC,46,3.304,,,unmatched
6220,71449,MAVERIK COUNTRY STORE #628,I-15 & CR-215,Las Vegas,NV,910,3.35566666,,,unmatched
6223,71453,ALLSUPS CONVENIENCE STORE #2025,US-285,Roswell,NM,593,3.28566666,,,unmatched
6276,71512,RACETRAC #2603,Country Road 527,Orlando,FL,140,3.299,,,unmatched
6299,71536,PILOT TRAVEL CENTERS #1106,"I-25/US-85, EXIT 215 & SR-47",Albuquerque,NM,580,3.56566666,,,unmatched
6312,71565,CIRCLE K #2741253,"SR 375, Exit 39",El Paso,TX,640,3.19566666,,,unmatched
6317,71571,RACETRAC #2587,I-75 & US-98,Brooksville,FL,140,3.299,,,unmatched
6319,71573,RACETRAC #2588,I-4 & US-301,Tampa,FL,225,3.299,,,unmatched
6321,71575,Racetrac #2308,SR-161,Irving,TX,630,2.93566666,,,unmatched
6322,71576,RACETRAC #2429,SR-161,Irving,TX,630,2.90066666,,,unmatched
6373,71641,76,I-17,Phoenix,AZ,930,3.23233333,,,unmatched
6395,71667,7-Eleven #38986,"I-75, EXIT 301 & US-98",Brooksville,FL,225,3.399,,,unmatched
6418,71696,SUPER SAVE #10,I-220 EXIT 1A,Shreveport,LA,745,3.199,,,unmatched
6426,71705,STRIPES #41980,"I-37, EXIT 11A",Corpus Christi,TX,625,3.199,,,unmatched
6429,71708,QUARLES #4936,I-95 Exit 69,Richmond,VA,180,3.699,,,unmatched
6435,71714,RACETRAC #2576,SR-997 & SR-994,Miami,FL,95,3.28733333,,,unmatched
6450,71737,RACETRAC #2605,"I-295, EXIT 25",Jacksonville,FL,75,3.249,,,unmatched
6465,71779,TCI PHOENIX,"I-10, EXIT 138 & US-202, EXIT 76",Phoenix,AZ,930,2.92233333,,,unmatched
6486,71806,RACETRAC #2600,SR-70,Okeechobee,FL,140,3.299,,,unmatched
6501,71824,QuikTrip #4052,US 181 S,San Antonio,TX,740,2.92233333,,,unmatched
6525,71849,TOOT N TOTUM #128,I-40 EXIT 57,Amarillo,TX,585,3.089,,,unmatched
6540,71866,RACETRAC #2615,"I-65, EXIT 128",Louisville,KY,415,2.919,,,unmatched
6561,71893,Tropic Fleet Rechtien Cardlock,SR-934,Miami,FL,95,3.471,,,unmatched
6567,71902,MURPHY EXPRESS #8928,FM-1472,Laredo,TX,693,2.84566666,,,unmatched
6620,71976,Loves Travel Stop #828,"I-295, EXIT 33",Jacksonville,FL,75,3.28233333,,,unmatched
6637,71997,7-ELEVEN #41287,SR-29,Immokalee,FL,64,3.679,,,unmatched
6663,72030,CENEX,I-90 & SR-51,Gillette,WY,822,3.489,,,unmatched
6683,72075,CITGO SAMS FOOD STORE,"US-5, Exit 87",Hartford,CT,100,3.499,,,unmatched
6706,72111,FAST STOP,"I-40, Exit 81 & FM-1912",Amarillo,TX,585,2.944,,,unmatched
6726,72139,HOLMES EXPRESS,US-78 & SR-175,Memphis,TN,435,3.399,,,unmatched
6795,72241,ROYAL FARMS #242,I-95 Exit 27,Philadelphia,PA,160,3.799,,,unmatched
6799,72248,SHELBY EXPRESS,SR-175,Memphis,TN,435,3.699,,,unmatched
6801,72251,SHELL,I-94 & US-12,Detroit,MI,325,3.699,,,unmatched
6802,72251,SHELL,I-94 & US-12,Detroit,MI,325,3.899,,,unmatched
6806,72260,Duck Thru #58,US-13 & CR-677,Suffolk,VA,130,3.449,,,unmatched
6814,72273,SPINX #341,SR-41,Charleston,SC,42,3.33233333,,,unmatched
6839,72308,Racetrac #2609,SR-60,Okeechobee,FL,140,3.299,,,unmatched
6849,72317,THORNTONS #261169,SR-1747 & SR-2052,Louisville,KY,415,3.28066666,,,unmatched
6859,72328,Tropic Fleet Hialeah Cardlock,SR-953 & SR-934,Miami,FL,95,3.479,,,unmatched
6901,72390,QUIKTRIP #46,US 169 & SR 266,Tulsa,OK,560,3.14233333,,,unmatched
6902,72391,QUIKTRIP #56,US-169 & SR-11,Tulsa,OK,560,3.14233333,,,unmatched
6914,72418,SHELL,SR-953,Miami,FL,95,3.479,,,unmatched
6915,72419,Denver 39th Ave Cardlock,I-70/US-36 EXIT-281,Denver,CO,800,3.49066666,,,unmatched
6963,72485,ALLSUPS CONVENIENCE STORE #2160,US 70,Roswell,NM,593,3.25566666,,,unmatched
6972,72495,ROAD RANGER #286,1-40 EXIT 77,Amarillo,TX,585,2.97233333,,,unmatched
7071,72603,THORNTONS #170,I-465 Exit 46 & US-40,Indianapolis,IN,375,3.599,,,unmatched
7099,72637,AZTEX #104,I-40 Exit 398,Knoxville,TN,405,3.359,,,unmatched
7103,72643,ONCUE #147,"I-44, EXIT 12",Oklahoma City,OK,483,3.049,,,unmatched
7135,72681,MAVERIK #691,I-76 EXIT 3,Denver,CO,800,3.284,,,unmatched
7154,72702,Loves Travel Stop #854,I-49 EXIT 215,Shreveport,LA,745,2.93733333,,,unmatched
7193,72753,QUIKTRIP #7908,I-40 EXIT 73,Amarillo,TX,585,2.874,,,unmatched
7195,72755,RACETRAC #2620,I-465 Exit 42,Indianapolis,IN,375,3.159,,,unmatched
7215,72773,RaceTrac #2626,I-20 Exit 472,Dallas,TX,630,2.864,,,unmatched
7230,72787,QUIKTRIP #7011,"I-35, EXIT 118",Oklahoma City,OK,483,3.03233333,,,unmatched
7231,72788,MAVERIK #700,I-25 EXIT 215,Denver,CO,800,3.289,,,unmatched
7246,72804,7-Eleven #42174,"I-24, EXIT 211 & US-70",Nashville,TN,460,3.249,,,unmatched
7250,72809,LOVES TRAVEL STOP #894,I-95 EXIT 305,Saint Augustine,FL,75,3.44233333,,,unmatched
7251,72810,QUIKTRIP #7,"I-244/US-412, Exit 10",Tulsa,OK,560,3.119,,,unmatched
7259,72816,QUIKTRIP #7914,I-27 EXIT 117,Amarillo,TX,585,2.84566666,,,unmatched
7262,72819,QUIKTRIP #7925,I-69W,Laredo,TX,693,2.85066666,,,unmatched
7291,72869,MAVERIK #738,I-90 EXIT 129,Gillette,WY,790,3.359,,,unmatched
7293,72872,QUIKTRIP #7926,US 59 & SR 20,Laredo,TX,693,2.859,,,unmatched
7322,72906,Maverik #734,I-25 EXIT 94,Pueblo,CO,796,3.289,,,unmatched
7343,72934,CIRCLE K #2706987,"I-37, Exit 118",Corpus Christi,TX,625,3.099,,,unmatched
7348,72939,CIRCLE K #2655872,"I-75, Exit 252B",Atlanta,GA,18,3.50566666,,,unmatched
7351,72942,CIRCLE K #2742777,US-62/180,El Paso,TX,640,3.19066666,,,unmatched
7355,72947,Circle K #9556,SR-202,Phoenix,AZ,930,3.38566666,,,unmatched
7368,72963,MAVERIK #5358,"I-25, Exit 145",Colorado Springs,CO,796,3.33066666,,,unmatched
7409,73012,FUELPORT # 1,FM-143,San Antonio,TX,740,3.049,,,unmatched
7416,73021,Circle K #2746245,I 35W EXIT 6,Minneapolis,MN,448,3.599,,,unmatched
7421,73028,PETRO HENDERSON #968,"I-11, EXIT 15A",Henderson,NV,910,3.639,,,unmatched
7427,73032,Parkers #110,SR 56,Augusta,GA,135,3.19233333,,,unmatched
7429,73035,QUIKTRIP #7909,US-10,El Paso,TX,640,2.849,,,unmatched
7441,73047,RACETRAC #2642,"I-70, EXIT 77",Indianapolis,IN,375,3.259,,,unmatched
7447,73056,CIRCLE K #2723033,"I-295, EXIT 21A & I-95",Fayetteville,NC,205,3.279,,,unmatched
7451,73061,Circle K #2709045,"US-62 & SR-375, EXIT 39",El Paso,TX,640,3.20233333,,,unmatched
7452,73062,CIRCLE K #2741849,SR-358 & SR-286,Corpus Christi,TX,625,3.124,,,unmatched
7456,73066,QUIKTRIP #1499,I-10 EXIT 267,Tucson,AZ,980,3.06233333,,,unmatched
7458,73068,MAVERIK #5369,SR 21,Colorado Springs,CO,796,3.499,,,unmatched
7501,73127,Gas N Wash,"I-55, EXIT 285",Chicago,IL,290,3.399,,,unmatched
